ID Produto,ID Subcategoria,Produto,Marca,Subcategoria,Categoria
412,15,Proseware Laptop12 M210 White,Proseware,Laptops,Computers
642,20,Proseware Photo Ink Jet Printer M100 Black,Proseware,"Printers, Scanners & Fax",Computers
673,20,Proseware Laser Jet Printer E100 Grey,Proseware,"Printers, Scanners & Fax",Computers
691,20,Proseware Slim-Design Fax Machine with Answering System X180 Grey,Proseware,"Printers, Scanners & Fax",Computers
672,20,Proseware Ink Jet All in one M300 Grey,Proseware,"Printers, Scanners & Fax",Computers
658,20,Proseware High Speed Laser M2000 Black,Proseware,"Printers, Scanners & Fax",Computers
689,20,"Proseware Color Ink Jet Fax, Copier, Phone M250 Grey",Proseware,"Printers, Scanners & Fax",Computers
474,18,Proseware CRT15 E10 Black,Proseware,Monitors,Computers
484,18,Proseware LCD17W E202 White,Proseware,Monitors,Computers
488,18,Proseware CRT15 E10 White,Proseware,Monitors,Computers
483,18,Proseware LCD17 E200 White,Proseware,Monitors,Computers
567,19,Proseware Projector 480p LCD12 Silver,Proseware,Projectors & Screens,Computers
670,20,Proseware 23ppm Laser Printer with Wireless and Wired Network Interfaces M680 Black,Proseware,"Printers, Scanners & Fax",Computers
699,20,Proseware 23ppm Laser Printer with Wireless and Wired Network Interfaces M680 Grey,Proseware,"Printers, Scanners & Fax",Computers
472,18,Proseware CRT19 E201 Black,Proseware,Monitors,Computers
487,18,Proseware CRT17 E104 White,Proseware,Monitors,Computers
650,20,Proseware Ink Jet Fax Machine E100 Black,Proseware,"Printers, Scanners & Fax",Computers
660,20,"Proseware Color Ink Jet Fax, Copier, Phone M250 Black",Proseware,"Printers, Scanners & Fax",Computers
687,20,Proseware High Speed Laser Fax M2000 Grey,Proseware,"Printers, Scanners & Fax",Computers
405,15,Proseware Laptop15 M510 Black,Proseware,Laptops,Computers
683,20,Proseware Ink Jet Wireless All-In-One Printer M400 Grey,Proseware,"Printers, Scanners & Fax",Computers
548,19,Proseware Screen 100in M1609 Black,Proseware,Projectors & Screens,Computers
549,19,Proseware Screen 85in E1010 Black,Proseware,Projectors & Screens,Computers
684,20,Proseware Ink Jet Instant PDF Sheet-Fed Scanner M300 Grey,Proseware,"Printers, Scanners & Fax",Computers
648,20,Proseware Fax Machine E100 Black,Proseware,"Printers, Scanners & Fax",Computers
661,20,Proseware Color Inkjet Fax with 5.8 GHz Cordless Handset X250 Black,Proseware,"Printers, Scanners & Fax",Computers
690,20,Proseware Color Ink Jet Fax with 5.8 GHz Cordless Handset X250 Grey,Proseware,"Printers, Scanners & Fax",Computers
574,19,Proseware Screen 80in E1010 Silver,Proseware,Projectors & Screens,Computers
471,18,Proseware LCD15 E103 Black,Proseware,Monitors,Computers
563,19,Proseware Projector 1080p LCD86 Silver,Proseware,Projectors & Screens,Computers
698,20,Proseware Wireless Photo All-in-One Printer M390 Grey,Proseware,"Printers, Scanners & Fax",Computers
568,19,Proseware Projector 480p DLP12 Silver,Proseware,Projectors & Screens,Computers
551,19,Proseware Projector 1080p LCD86 White,Proseware,Projectors & Screens,Computers
555,19,Proseware Projector 480p LCD12 White,Proseware,Projectors & Screens,Computers
413,15,Proseware Laptop16 M610 White,Proseware,Laptops,Computers
573,19,Proseware Screen 85in E1010 Silver,Proseware,Projectors & Screens,Computers
651,20,Proseware Mobile Receipt and Document Scanner M200 Black,Proseware,"Printers, Scanners & Fax",Computers
649,20,Proseware Laser Fax Printer E100 Black,Proseware,"Printers, Scanners & Fax",Computers
675,20,Proseware Laser Jet All in one X300 Grey,Proseware,"Printers, Scanners & Fax",Computers
556,19,Proseware Projector 480p DLP12 White,Proseware,Projectors & Screens,Computers
666,20,Proseware Office Jet All-in-One Printer M500 Black,Proseware,"Printers, Scanners & Fax",Computers
671,20,Proseware Photo Inkjet Printer M100 Grey,Proseware,"Printers, Scanners & Fax",Computers
653,20,Proseware All-In-One Photo Printer M200 Black,Proseware,"Printers, Scanners & Fax",Computers
677,20,Proseware Fax Machine E100 Grey,Proseware,"Printers, Scanners & Fax",Computers
663,20,Proseware High-Performance Business-Class Laser Fax X200 Black,Proseware,"Printers, Scanners & Fax",Computers
552,19,Proseware Projector 1080p DLP86 White,Proseware,Projectors & Screens,Computers
550,19,Proseware Screen 80in E1010 Black,Proseware,Projectors & Screens,Computers
680,20,Proseware Mobile Receipt and Document Scanner M200 Grey,Proseware,"Printers, Scanners & Fax",Computers
543,19,Proseware Projector 480p LCD12 Black,Proseware,Projectors & Screens,Computers
655,20,Proseware Ink Jet Instant PDF Sheet-Fed Scanner M300 Black,Proseware,"Printers, Scanners & Fax",Computers
414,15,Proseware Laptop15.4W M518 White,Proseware,Laptops,Computers
646,20,Proseware Laser Jet All in one X300 Black,Proseware,"Printers, Scanners & Fax",Computers
560,19,Proseware Screen 100in M1609 White,Proseware,Projectors & Screens,Computers
681,20,Proseware Scan Jet Digital Flat Bed Scanner M300 Grey,Proseware,"Printers, Scanners & Fax",Computers
540,19,Proseware Projector 1080p DLP86 Black,Proseware,Projectors & Screens,Computers
669,20,Proseware Wireless Photo All-in-One Printer M390 Black,Proseware,"Printers, Scanners & Fax",Computers
409,15,Proseware Laptop8.9 E089 Black,Proseware,Laptops,Computers
652,20,Proseware Scan Jet Digital Flat Bed Scanner M300 Black,Proseware,"Printers, Scanners & Fax",Computers
544,19,Proseware Projector 480p DLP12 Black,Proseware,Projectors & Screens,Computers
469,18,Proseware LCD17 E200 Black,Proseware,Monitors,Computers
692,20,Proseware High-Performance Business-Class Laser Fax X200 Grey,Proseware,"Printers, Scanners & Fax",Computers
411,15,Proseware Laptop15 M510 White,Proseware,Laptops,Computers
564,19,Proseware Projector 1080p DLP86 Silver,Proseware,Projectors & Screens,Computers
539,19,Proseware Projector 1080p LCD86 Black,Proseware,Projectors & Screens,Computers
696,20,Proseware Office Jet Wireless All-in-One Inkjet Printer M600 Grey,Proseware,"Printers, Scanners & Fax",Computers
654,20,Proseware Ink Jet Wireless All-In-One Printer M400 Black,Proseware,"Printers, Scanners & Fax",Computers
695,20,Proseware Office Jet All-in-One Printer M500 Grey,Proseware,"Printers, Scanners & Fax",Computers
679,20,Proseware Ink Jet Fax Machine E100 Grey,Proseware,"Printers, Scanners & Fax",Computers
473,18,Proseware CRT17 E104 Black,Proseware,Monitors,Computers
644,20,Proseware Laser Jet Printer E100 Black,Proseware,"Printers, Scanners & Fax",Computers
406,15,Proseware Laptop12 M210 Black,Proseware,Laptops,Computers
485,18,Proseware LCD15 E103 White,Proseware,Monitors,Computers
678,20,Proseware Laser Fax Printer E100 Grey,Proseware,"Printers, Scanners & Fax",Computers
572,19,Proseware Screen 100in M1609 Silver,Proseware,Projectors & Screens,Computers
667,20,Proseware Office Jet Wireless All-in-One Inkjet Printer M600 Black,Proseware,"Printers, Scanners & Fax",Computers
682,20,Proseware All-In-One Photo Printer M200 Grey,Proseware,"Printers, Scanners & Fax",Computers
486,18,Proseware CRT19 E201 White,Proseware,Monitors,Computers
662,20,Proseware Slim-Design Fax Machine with Answering System X180 Black,Proseware,"Printers, Scanners & Fax",Computers
415,15,Proseware Laptop8.9 E089 White,Proseware,Laptops,Computers
404,15,Proseware Laptop19 X910 Black,Proseware,Laptops,Computers
410,15,Proseware Laptop19W X910 White,Proseware,Laptops,Computers
664,20,Proseware Professional Quality Plain-Paper Fax and Copier X100 Black,Proseware,"Printers, Scanners & Fax",Computers
565,19,Proseware Projector 720p LCD56 Silver,Proseware,Projectors & Screens,Computers
643,20,Proseware Ink Jet All in one M300 Black,Proseware,"Printers, Scanners & Fax",Computers
693,20,Proseware Professional Quality Plain-Paper Fax and Copier X100 Grey,Proseware,"Printers, Scanners & Fax",Computers
554,19,Proseware Projector 720p DLP56 White,Proseware,Projectors & Screens,Computers
566,19,Proseware Projector 720p DLP56 Silver,Proseware,Projectors & Screens,Computers
553,19,Proseware Projector 720p LCD56 White,Proseware,Projectors & Screens,Computers
408,15,Proseware Laptop15.4W M518 Black,Proseware,Laptops,Computers
407,15,Proseware Laptop16 M610 Black,Proseware,Laptops,Computers
561,19,Proseware Screen 85in E1010 White,Proseware,Projectors & Screens,Computers
541,19,Proseware Projector 720p LCD56 Black,Proseware,Projectors & Screens,Computers
542,19,Proseware Projector 720p DLP56 Black,Proseware,Projectors & Screens,Computers
470,18,Proseware LCD17W E202 Black,Proseware,Monitors,Computers
562,19,Proseware Screen 80in E1010 White,Proseware,Projectors & Screens,Computers
481,18,Proseware LCD19 E1000 White,Proseware,Monitors,Computers
467,18,Proseware LCD19 E1000 Black,Proseware,Monitors,Computers
694,20,Proseware Photo Ink Jet Printer E290 Grey,Proseware,"Printers, Scanners & Fax",Computers
468,18,Proseware LCD19W M100 Black,Proseware,Monitors,Computers
482,18,Proseware LCD19W M100 White,Proseware,Monitors,Computers
665,20,Proseware Photo Inkjet Printer E290 Black,Proseware,"Printers, Scanners & Fax",Computers
697,20,Proseware Photo Smart All-in-One Printer M380 Grey,Proseware,"Printers, Scanners & Fax",Computers
668,20,Proseware Photo smart All-in-One Printer M380 Black,Proseware,"Printers, Scanners & Fax",Computers
547,19,Proseware Screen 106in M1609 Black,Proseware,Projectors & Screens,Computers
559,19,Proseware Screen 106in M1609 White,Proseware,Projectors & Screens,Computers
480,18,Proseware LCD20W M230 White,Proseware,Monitors,Computers
465,18,Proseware LCD20 M200 Black,Proseware,Monitors,Computers
466,18,Proseware LCD20W M230 Black,Proseware,Monitors,Computers
571,19,Proseware Screen 106in M1609 Silver,Proseware,Projectors & Screens,Computers
479,18,Proseware LCD20 M200 White,Proseware,Monitors,Computers
570,19,Proseware Screen 113in X1609 Silver,Proseware,Projectors & Screens,Computers
546,19,Proseware Screen 113in X1609 Black,Proseware,Projectors & Screens,Computers
558,19,Proseware Screen 113in X1609 White,Proseware,Projectors & Screens,Computers
657,20,Proseware Duplex Scanner M200 Black,Proseware,"Printers, Scanners & Fax",Computers
674,20,Proseware Laser Jet Color Printer X300 Grey,Proseware,"Printers, Scanners & Fax",Computers
645,20,Proseware Laser Jet Color Printer X300 Black,Proseware,"Printers, Scanners & Fax",Computers
686,20,Proseware Duplex Scanner M200 Grey,Proseware,"Printers, Scanners & Fax",Computers
463,18,Proseware LCD22 M2000 Black,Proseware,Monitors,Computers
477,18,Proseware LCD22 M2000 White,Proseware,Monitors,Computers
478,18,Proseware LCD22W M2001 White,Proseware,Monitors,Computers
464,18,Proseware LCD22W M2001 Black,Proseware,Monitors,Computers
688,20,Proseware Laser Fax Printer M250 Grey,Proseware,"Printers, Scanners & Fax",Computers
676,20,Proseware Fax phone E100 Grey,Proseware,"Printers, Scanners & Fax",Computers
685,20,"Proseware Desk Jet All-in-One Printer, Scanner, Copier M350 Grey",Proseware,"Printers, Scanners & Fax",Computers
656,20,"Proseware Desk Jet All-in-One Printer, Scanner, Copier M350 Black",Proseware,"Printers, Scanners & Fax",Computers
476,18,Proseware LCD24W X300 White,Proseware,Monitors,Computers
659,20,Proseware Laser Fax Printer M250 Black,Proseware,"Printers, Scanners & Fax",Computers
647,20,Proseware Fax phone E100 Black,Proseware,"Printers, Scanners & Fax",Computers
462,18,Proseware LCD24W X300 Black,Proseware,Monitors,Computers
458,17,WWI Desktop PC1.80 E1800 White,Wide World Importers,Desktops,Computers
431,17,Adventure Works Desktop PC1.80 ED180 Brown,Adventure Works,Desktops,Computers
419,17,Adventure Works Desktop PC1.80 ED180 Silver,Adventure Works,Desktops,Computers
425,17,Adventure Works Desktop PC1.80 ED180 Black,Adventure Works,Desktops,Computers
460,17,WWI Desktop PC1.80 E1802 White,Wide World Importers,Desktops,Computers
527,18,WWI CRT17 E106 Black,Wide World Importers,Monitors,Computers
538,18,WWI CRT17 E106 White,Wide World Importers,Monitors,Computers
610,19,Contoso Screen 80in E080 Silver,Contoso,Projectors & Screens,Computers
604,19,Contoso Projector 480p M481 Silver,Contoso,Projectors & Screens,Computers
592,19,Contoso Projector 480p M481 White,Contoso,Projectors & Screens,Computers
497,18,Adventure Works LCD17 E200 Black,Adventure Works,Monitors,Computers
430,17,Adventure Works Desktop PC1.60 ED160 Brown,Adventure Works,Desktops,Computers
609,19,Contoso Screen 85in E085 Silver,Contoso,Projectors & Screens,Computers
528,18,WWI LCD24 X300 White,Wide World Importers,Monitors,Computers
603,19,Contoso Projector 480p M480 Silver,Contoso,Projectors & Screens,Computers
512,18,Adventure Works LCD17W E203 White,Adventure Works,Monitors,Computers
511,18,Adventure Works LCD17 E200 White,Adventure Works,Monitors,Computers
498,18,Adventure Works LCD17W E203 Black,Adventure Works,Monitors,Computers
638,19,WWI Projector 480p DLP12 Silver,Wide World Importers,Projectors & Screens,Computers
441,17,WWI Desktop PC1.80 E1800 Brown,Wide World Importers,Desktops,Computers
435,17,Adventure Works Desktop PC1.60 ED160 White,Adventure Works,Desktops,Computers
515,18,Adventure Works CRT17 E105 White,Adventure Works,Monitors,Computers
517,18,WWI LCD24 X300 Black,Wide World Importers,Monitors,Computers
626,19,WWI Projector 480p LCD12 White,Wide World Importers,Projectors & Screens,Computers
452,17,WWI Desktop PC1.60 E1600 Red,Wide World Importers,Desktops,Computers
525,18,WWI LCD17 E200 Black,Wide World Importers,Monitors,Computers
448,17,WWI Desktop PC1.80 E1801 Black,Wide World Importers,Desktops,Computers
442,17,WWI Desktop PC1.80 E1801 Silver,Wide World Importers,Desktops,Computers
596,19,Contoso Screen 100in E010 White,Contoso,Projectors & Screens,Computers
516,18,Adventure Works CRT15 E101 White,Adventure Works,Monitors,Computers
575,19,Contoso Projector 1080p X980 Black,Contoso,Projectors & Screens,Computers
453,17,WWI Desktop PC1.80 E1800 Silver,Wide World Importers,Desktops,Computers
637,19,WWI Projector 480p LCD12 Silver,Wide World Importers,Projectors & Screens,Computers
504,18,Adventure Works LCD24W X300 White,Adventure Works,Monitors,Computers
597,19,Contoso Screen 85in E085 White,Contoso,Projectors & Screens,Computers
586,19,Contoso Screen 80in E080 Black,Contoso,Projectors & Screens,Computers
620,19,WWI Screen 100in M1609 Black,Wide World Importers,Projectors & Screens,Computers
447,17,WWI Desktop PC1.80 E1800 Black,Wide World Importers,Desktops,Computers
501,18,Adventure Works CRT17 E105 Black,Adventure Works,Monitors,Computers
420,17,Adventure Works Desktop PC1.80 ED182 Silver,Adventure Works,Desktops,Computers
526,18,WWI LCD17W E200 Black,Wide World Importers,Monitors,Computers
424,17,Adventure Works Desktop PC1.60 ED160 Black,Adventure Works,Desktops,Computers
580,19,Contoso Projector 480p M481 Black,Contoso,Projectors & Screens,Computers
490,18,Adventure Works LCD24W X300 Black,Adventure Works,Monitors,Computers
599,19,Contoso Projector 1080p X980 Silver,Contoso,Projectors & Screens,Computers
446,17,WWI Desktop PC1.60 E1600 Black,Wide World Importers,Desktops,Computers
579,19,Contoso Projector 480p M480 Black,Contoso,Projectors & Screens,Computers
608,19,Contoso Screen 100in E010 Silver,Contoso,Projectors & Screens,Computers
632,19,WWI Screen 85in E1010 White,Wide World Importers,Projectors & Screens,Computers
500,18,Adventure Works CRT19 E10 Black,Adventure Works,Monitors,Computers
459,17,WWI Desktop PC1.80 E1801 White,Wide World Importers,Desktops,Computers
454,17,WWI Desktop PC1.80 E1801 Brown,Wide World Importers,Desktops,Computers
418,17,Adventure Works Desktop PC1.60 ED160 Silver,Adventure Works,Desktops,Computers
631,19,WWI Screen 100in M1609 White,Wide World Importers,Projectors & Screens,Computers
502,18,Adventure Works CRT15 E101 Black,Adventure Works,Monitors,Computers
616,19,WWI Projector 480p DLP12 Black,Wide World Importers,Projectors & Screens,Computers
432,17,Adventure Works Desktop PC1.80 ED182 Brown,Adventure Works,Desktops,Computers
537,18,WWI LCD17W E200 White,Wide World Importers,Monitors,Computers
499,18,Adventure Works LCD15 E100 Black,Adventure Works,Monitors,Computers
587,19,Contoso Projector 1080p X980 White,Contoso,Projectors & Screens,Computers
615,19,WWI Projector 480p LCD12 Black,Wide World Importers,Projectors & Screens,Computers
585,19,Contoso Screen 85in E085 Black,Contoso,Projectors & Screens,Computers
621,19,WWI Screen 85in E1010 Black,Wide World Importers,Projectors & Screens,Computers
426,17,Adventure Works Desktop PC1.80 ED182 Black,Adventure Works,Desktops,Computers
584,19,Contoso Screen 100in E010 Black,Contoso,Projectors & Screens,Computers
598,19,Contoso Screen 80in E080 White,Contoso,Projectors & Screens,Computers
457,17,WWI Desktop PC1.60 E1600 White,Wide World Importers,Desktops,Computers
627,19,WWI Projector 480p DLP12 White,Wide World Importers,Projectors & Screens,Computers
591,19,Contoso Projector 480p M480 White,Contoso,Projectors & Screens,Computers
436,17,Adventure Works Desktop PC1.80 ED180 White,Adventure Works,Desktops,Computers
437,17,Adventure Works Desktop PC1.80 ED182 White,Adventure Works,Desktops,Computers
536,18,WWI LCD17 E205 White,Wide World Importers,Monitors,Computers
440,17,WWI Desktop PC1.60 E1600 Silver,Wide World Importers,Desktops,Computers
513,18,Adventure Works LCD15 E100 White,Adventure Works,Monitors,Computers
602,19,Contoso Projector 720p M621 Silver,Contoso,Projectors & Screens,Computers
449,17,WWI Desktop PC3.0 M0300 Black,Wide World Importers,Desktops,Computers
635,19,WWI Projector 720p LCD56 Silver,Wide World Importers,Projectors & Screens,Computers
421,17,Adventure Works Desktop PC3.0 MS300 Silver,Adventure Works,Desktops,Computers
624,19,WWI Projector 720p LCD56 White,Wide World Importers,Projectors & Screens,Computers
614,19,WWI Projector 720p DLP56 Black,Wide World Importers,Projectors & Screens,Computers
636,19,WWI Projector 720p DLP56 Silver,Wide World Importers,Projectors & Screens,Computers
514,18,Adventure Works CRT19 E10 White,Adventure Works,Monitors,Computers
625,19,WWI Projector 720p DLP56 White,Wide World Importers,Projectors & Screens,Computers
578,19,Contoso Projector 720p M621 Black,Contoso,Projectors & Screens,Computers
601,19,Contoso Projector 720p M620 Silver,Contoso,Projectors & Screens,Computers
577,19,Contoso Projector 720p M620 Black,Contoso,Projectors & Screens,Computers
427,17,Adventure Works Desktop PC3.0 MS300 Black,Adventure Works,Desktops,Computers
589,19,Contoso Projector 720p M620 White,Contoso,Projectors & Screens,Computers
590,19,Contoso Projector 720p M621 White,Contoso,Projectors & Screens,Computers
443,17,WWI Desktop PC3.0 M0300 Silver,Wide World Importers,Desktops,Computers
613,19,WWI Projector 720p LCD56 Black,Wide World Importers,Projectors & Screens,Computers
535,18,WWI LCD19W M100 White,Wide World Importers,Monitors,Computers
524,18,WWI LCD19W M100 Black,Wide World Importers,Monitors,Computers
523,18,WWI LCD19 E107 Black,Wide World Importers,Monitors,Computers
509,18,Adventure Works LCD19 E108 White,Adventure Works,Monitors,Computers
534,18,WWI LCD19 E107 White,Wide World Importers,Monitors,Computers
510,18,Adventure Works LCD19W M100 White,Adventure Works,Monitors,Computers
496,18,Adventure Works LCD19W M100 Black,Adventure Works,Monitors,Computers
495,18,Adventure Works LCD19 E108 Black,Adventure Works,Monitors,Computers
595,19,Contoso Screen 106in M060 White,Contoso,Projectors & Screens,Computers
641,19,WWI Screen 106in M1609 Silver,Wide World Importers,Projectors & Screens,Computers
583,19,Contoso Screen 106in M060 Black,Contoso,Projectors & Screens,Computers
630,19,WWI Screen 106in M1609 White,Wide World Importers,Projectors & Screens,Computers
429,17,Adventure Works Desktop PC2.30 MD230 Brown,Adventure Works,Desktops,Computers
423,17,Adventure Works Desktop PC2.30 MD230 Black,Adventure Works,Desktops,Computers
434,17,Adventure Works Desktop PC2.30 MD230 White,Adventure Works,Desktops,Computers
456,17,WWI Desktop PC2.30 M2300 White,Wide World Importers,Desktops,Computers
439,17,WWI Desktop PC2.30 M2300 Brown,Wide World Importers,Desktops,Computers
445,17,WWI Desktop PC2.30 M2300 Black,Wide World Importers,Desktops,Computers
451,17,WWI Desktop PC2.30 M2300 Silver,Wide World Importers,Desktops,Computers
607,19,Contoso Screen 106in M060 Silver,Contoso,Projectors & Screens,Computers
521,18,WWI LCD20 M220 Black,Wide World Importers,Monitors,Computers
417,17,Adventure Works Desktop PC2.30 MD230 Silver,Adventure Works,Desktops,Computers
532,18,WWI LCD20 M220 White,Wide World Importers,Monitors,Computers
619,19,WWI Screen 106in M1609 Black,Wide World Importers,Projectors & Screens,Computers
533,18,WWI LCD20W M250 White,Wide World Importers,Monitors,Computers
507,18,Adventure Works LCD20 M210 White,Adventure Works,Monitors,Computers
522,18,WWI LCD20W M250 Black,Wide World Importers,Monitors,Computers
494,18,Adventure Works LCD20W M240 Black,Adventure Works,Monitors,Computers
629,19,WWI Screen 113in M1610 White,Wide World Importers,Projectors & Screens,Computers
606,19,Contoso Screen 113in M251 Silver,Contoso,Projectors & Screens,Computers
640,19,WWI Screen 113in M1610 Silver,Wide World Importers,Projectors & Screens,Computers
618,19,WWI Screen 113in M1610 Black,Wide World Importers,Projectors & Screens,Computers
594,19,Contoso Screen 113in M251 White,Contoso,Projectors & Screens,Computers
582,19,Contoso Screen 113in M251 Black,Contoso,Projectors & Screens,Computers
508,18,Adventure Works LCD20W M240 White,Adventure Works,Monitors,Computers
493,18,Adventure Works LCD20 M210 Black,Adventure Works,Monitors,Computers
505,18,Adventure Works LCD22 M200 White,Adventure Works,Monitors,Computers
491,18,Adventure Works LCD22 M200 Black,Adventure Works,Monitors,Computers
506,18,Adventure Works LCD22W M200 White,Adventure Works,Monitors,Computers
531,18,WWI LCD22W M2003 White,Wide World Importers,Monitors,Computers
520,18,WWI LCD22W M2003 Black,Wide World Importers,Monitors,Computers
492,18,Adventure Works LCD22W M200 Black,Adventure Works,Monitors,Computers
519,18,WWI LCD22 M2002 Black,Wide World Importers,Monitors,Computers
530,18,WWI LCD22 M2002 White,Wide World Importers,Monitors,Computers
581,19,Contoso Screen 125in M250 Black,Contoso,Projectors & Screens,Computers
605,19,Contoso Screen 125in M250 Silver,Contoso,Projectors & Screens,Computers
593,19,Contoso Screen 125in M250 White,Contoso,Projectors & Screens,Computers
633,19,WWI Projector 1080p LCD86 Silver,Wide World Importers,Projectors & Screens,Computers
611,19,WWI Projector 1080p LCD86 Black,Wide World Importers,Projectors & Screens,Computers
612,19,WWI Projector 1080p DLP86 Black,Wide World Importers,Projectors & Screens,Computers
634,19,WWI Projector 1080p DLP86 Silver,Wide World Importers,Projectors & Screens,Computers
622,19,WWI Projector 1080p LCD86 White,Wide World Importers,Projectors & Screens,Computers
623,19,WWI Projector 1080p DLP86 White,Wide World Importers,Projectors & Screens,Computers
433,17,Adventure Works Desktop PC2.33 XD233 White,Adventure Works,Desktops,Computers
428,17,Adventure Works Desktop PC2.33 XD233 Brown,Adventure Works,Desktops,Computers
416,17,Adventure Works Desktop PC2.33 XD233 Silver,Adventure Works,Desktops,Computers
422,17,Adventure Works Desktop PC2.33 XD233 Black,Adventure Works,Desktops,Computers
518,18,WWI LCD24W X300 Black,Wide World Importers,Monitors,Computers
529,18,WWI LCD24W X300 White,Wide World Importers,Monitors,Computers
450,17,WWI Desktop PC2.33 X2330 Brown,Wide World Importers,Desktops,Computers
438,17,WWI Desktop PC2.33 X2330 Silver,Wide World Importers,Desktops,Computers
455,17,WWI Desktop PC2.33 X2330 White,Wide World Importers,Desktops,Computers
576,19,Contoso Projector 1080p X981 Black,Contoso,Projectors & Screens,Computers
348,15,Fabrikam Laptop15.4W M5480 White,Fabrikam,Laptops,Computers
394,15,WWI Laptop15.4W M0156 Black,Wide World Importers,Laptops,Computers
402,15,WWI Laptop19W X0196 Blue,Wide World Importers,Laptops,Computers
382,15,Adventure Works Laptop12 M1201 Red,Adventure Works,Laptops,Computers
388,15,Adventure Works Laptop12 M1201 Blue,Adventure Works,Laptops,Computers
359,15,Fabrikam Laptop12 M2002 Red,Fabrikam,Laptops,Computers
393,15,WWI Laptop16 M0160 Black,Wide World Importers,Laptops,Computers
345,15,Fabrikam Laptop15 M5000 White,Fabrikam,Laptops,Computers
399,15,WWI Laptop16 M0160 White,Wide World Importers,Laptops,Computers
386,15,Adventure Works Laptop19W X1980 Blue,Adventure Works,Laptops,Computers
363,15,Adventure Works Laptop15 M1500 Black,Adventure Works,Laptops,Computers
400,15,WWI Laptop15.4W M0156 White,Wide World Importers,Laptops,Computers
383,15,Adventure Works Laptop16 M1601 Red,Adventure Works,Laptops,Computers
381,15,Adventure Works Laptop15 M1501 Red,Adventure Works,Laptops,Computers
342,15,Fabrikam Laptop16 M6000 Black,Fabrikam,Laptops,Computers
373,15,Adventure Works Laptop8.9 E0890 White,Adventure Works,Laptops,Computers
341,15,Fabrikam Laptop16W M6080 Black,Fabrikam,Laptops,Computers
396,15,WWI Laptop19W X0196 White,Wide World Importers,Laptops,Computers
375,15,Adventure Works Laptop15 M1501 Silver,Adventure Works,Laptops,Computers
397,15,WWI Laptop15 M0150 White,Wide World Importers,Laptops,Computers
343,15,Fabrikam Laptop19 M9000 Black,Fabrikam,Laptops,Computers
338,15,Fabrikam Laptop19W M9800 Black,Fabrikam,Laptops,Computers
355,15,Fabrikam Laptop8.9 M0801 Silver,Fabrikam,Laptops,Computers
368,15,Adventure Works Laptop19W X1980 White,Adventure Works,Laptops,Computers
379,15,Adventure Works Laptop8.9 E0890 Silver,Adventure Works,Laptops,Computers
385,15,Adventure Works Laptop8.9 E0890 Red,Adventure Works,Laptops,Computers
350,15,Fabrikam Laptop12W M2080 Silver,Fabrikam,Laptops,Computers
387,15,Adventure Works Laptop15 M1501 Blue,Adventure Works,Laptops,Computers
367,15,Adventure Works Laptop8.9 E0890 Black,Adventure Works,Laptops,Computers
339,15,Fabrikam Laptop17W M7080 Black,Fabrikam,Laptops,Computers
366,15,Adventure Works Laptop15.4W M1548 Black,Adventure Works,Laptops,Computers
376,15,Adventure Works Laptop12 M1201 Silver,Adventure Works,Laptops,Computers
390,15,WWI Laptop19W X0196 Black,Wide World Importers,Laptops,Computers
401,15,WWI Laptop8.9 E0089 White,Wide World Importers,Laptops,Computers
358,15,Fabrikam Laptop8.9 E8002 Red,Fabrikam,Laptops,Computers
374,15,Adventure Works Laptop19W X1980 Silver,Adventure Works,Laptops,Computers
340,15,Fabrikam Laptop17 M7000 Black,Fabrikam,Laptops,Computers
365,15,Adventure Works Laptop16 M1600 Black,Adventure Works,Laptops,Computers
389,15,Adventure Works Laptop16 M1601 Blue,Adventure Works,Laptops,Computers
361,15,Fabrikam Laptop13.3W M3080 Red,Fabrikam,Laptops,Computers
384,15,Adventure Works Laptop15.4W M1548 Red,Adventure Works,Laptops,Computers
354,15,Fabrikam Laptop12 M2001 Silver,Fabrikam,Laptops,Computers
371,15,Adventure Works Laptop16 M1601 White,Adventure Works,Laptops,Computers
392,15,WWI Laptop12 M0120 Black,Wide World Importers,Laptops,Computers
395,15,WWI Laptop8.9 E0089 Black,Wide World Importers,Laptops,Computers
369,15,Adventure Works Laptop15 M1501 White,Adventure Works,Laptops,Computers
403,15,WWI Laptop15 M0150 Blue,Wide World Importers,Laptops,Computers
391,15,WWI Laptop15 M0150 Black,Wide World Importers,Laptops,Computers
377,15,Adventure Works Laptop16 M1601 Silver,Adventure Works,Laptops,Computers
349,15,Fabrikam Laptop10.1 M0100 White,Fabrikam,Laptops,Computers
356,15,Fabrikam Laptop14.1W M4180 Red,Fabrikam,Laptops,Computers
378,15,Adventure Works Laptop15.4W M1548 Silver,Adventure Works,Laptops,Computers
347,15,Fabrikam Laptop14.1 M4100 White,Fabrikam,Laptops,Computers
364,15,Adventure Works Laptop12 M1200 Black,Adventure Works,Laptops,Computers
344,15,Fabrikam Laptop12 M2000 White,Fabrikam,Laptops,Computers
360,15,Fabrikam Laptop13.3 M3000 Red,Fabrikam,Laptops,Computers
346,15,Fabrikam Laptop15.4 M5400 White,Fabrikam,Laptops,Computers
352,15,Fabrikam Laptop8.9 E0800 Silver,Fabrikam,Laptops,Computers
380,15,Adventure Works Laptop19W X1980 Red,Adventure Works,Laptops,Computers
372,15,Adventure Works Laptop15.4W M1548 White,Adventure Works,Laptops,Computers
351,15,Fabrikam Laptop8.9W E0880 Silver,Fabrikam,Laptops,Computers
370,15,Adventure Works Laptop12 M1201 White,Adventure Works,Laptops,Computers
398,15,WWI Laptop12 M0120 White,Wide World Importers,Laptops,Computers
353,15,Fabrikam Laptop10.1 M0101 Silver,Fabrikam,Laptops,Computers
362,15,Adventure Works Laptop19 X1900 Black,Adventure Works,Laptops,Computers
357,15,Fabrikam Laptop14.1 E4101 Red,Fabrikam,Laptops,Computers
268,11,Contoso Home Theater System 7.1 Channel M1700 White,Contoso,Home Theater System,TV and Video
261,11,Contoso Home Theater System 5.1 Channel M1530 Silver,Contoso,Home Theater System,TV and Video
251,11,Contoso Home Theater System 4.1 Channel M1420 Black,Contoso,Home Theater System,TV and Video
282,11,Contoso Home Theater System 4.1 Channel M1400 Brown,Contoso,Home Theater System,TV and Video
206,11,Litware Home Theater System 5.1 Channel M515 Black,Litware,Home Theater System,TV and Video
277,11,Contoso Home Theater System 4.1 Channel M1420 White,Contoso,Home Theater System,TV and Video
281,11,Contoso Home Theater System 7.1 Channel M1700 Brown,Contoso,Home Theater System,TV and Video
202,11,Litware Home Theater System 5.1 Channel M513 Black,Litware,Home Theater System,TV and Video
274,11,Contoso Home Theater System 5.1 Channel M1530 White,Contoso,Home Theater System,TV and Video
248,11,Contoso Home Theater System 5.1 Channel M1530 Black,Contoso,Home Theater System,TV and Video
264,11,Contoso Home Theater System 4.1 Channel M1420 Silver,Contoso,Home Theater System,TV and Video
272,11,Contoso Home Theater System 4.1 Channel M1410 White,Contoso,Home Theater System,TV and Video
259,11,Contoso Home Theater System 4.1 Channel M1410 Silver,Contoso,Home Theater System,TV and Video
283,11,Contoso Home Theater System 5.1 Channel M1500 Brown,Contoso,Home Theater System,TV and Video
241,11,Contoso Home Theater System 2.1 Channel M1210 Black,Contoso,Home Theater System,TV and Video
254,11,Contoso Home Theater System 2.1 Channel M1210 Silver,Contoso,Home Theater System,TV and Video
285,11,Contoso Home Theater System 4.1 Channel M1410 Brown,Contoso,Home Theater System,TV and Video
222,11,Litware Home Theater System 5.1 Channel M515 Silver,Litware,Home Theater System,TV and Video
246,11,Contoso Home Theater System 4.1 Channel M1410 Black,Contoso,Home Theater System,TV and Video
234,11,Litware Home Theater System 5.1 Channel M513 Brown,Litware,Home Theater System,TV and Video
238,11,Litware Home Theater System 5.1 Channel M515 Brown,Litware,Home Theater System,TV and Video
280,11,Contoso Home Theater System 2.1 Channel M1210 Brown,Contoso,Home Theater System,TV and Video
256,11,Contoso Home Theater System 4.1 Channel M1400 Silver,Contoso,Home Theater System,TV and Video
255,11,Contoso Home Theater System 7.1 Channel M1700 Silver,Contoso,Home Theater System,TV and Video
223,11,Litware Home Theater System 5.1 Channel M516 Silver,Litware,Home Theater System,TV and Video
290,11,Contoso Home Theater System 4.1 Channel M1420 Brown,Contoso,Home Theater System,TV and Video
269,11,Contoso Home Theater System 4.1 Channel M1400 White,Contoso,Home Theater System,TV and Video
287,11,Contoso Home Theater System 5.1 Channel M1530 Brown,Contoso,Home Theater System,TV and Video
267,11,Contoso Home Theater System 2.1 Channel M1210 White,Contoso,Home Theater System,TV and Video
242,11,Contoso Home Theater System 7.1 Channel M1700 Black,Contoso,Home Theater System,TV and Video
207,11,Litware Home Theater System 5.1 Channel M516 Black,Litware,Home Theater System,TV and Video
218,11,Litware Home Theater System 5.1 Channel M513 Silver,Litware,Home Theater System,TV and Video
270,11,Contoso Home Theater System 5.1 Channel M1500 White,Contoso,Home Theater System,TV and Video
244,11,Contoso Home Theater System 5.1 Channel M1500 Black,Contoso,Home Theater System,TV and Video
225,11,Litware Home Theater System 5.1 Channel M511 Brown,Litware,Home Theater System,TV and Video
193,11,Litware Home Theater System 5.1 Channel M511 Black,Litware,Home Theater System,TV and Video
209,11,Litware Home Theater System 5.1 Channel M511 Silver,Litware,Home Theater System,TV and Video
257,11,Contoso Home Theater System 5.1 Channel M1500 Silver,Contoso,Home Theater System,TV and Video
243,11,Contoso Home Theater System 4.1 Channel M1400 Black,Contoso,Home Theater System,TV and Video
239,11,Litware Home Theater System 5.1 Channel M516 Brown,Litware,Home Theater System,TV and Video
235,11,Litware Home Theater System 7.1 Channel M710 Brown,Litware,Home Theater System,TV and Video
219,11,Litware Home Theater System 7.1 Channel M710 Silver,Litware,Home Theater System,TV and Video
203,11,Litware Home Theater System 7.1 Channel M710 Black,Litware,Home Theater System,TV and Video
260,11,Contoso Home Theater System 5.1 Channel M1520 Silver,Contoso,Home Theater System,TV and Video
273,11,Contoso Home Theater System 5.1 Channel M1520 White,Contoso,Home Theater System,TV and Video
247,11,Contoso Home Theater System 5.1 Channel M1520 Black,Contoso,Home Theater System,TV and Video
286,11,Contoso Home Theater System 5.1 Channel M1520 Brown,Contoso,Home Theater System,TV and Video
245,11,Contoso Home Theater System 5.1 Channel M1510 Black,Contoso,Home Theater System,TV and Video
224,11,Litware Home Theater System 4.1 Channel M410 Brown,Litware,Home Theater System,TV and Video
271,11,Contoso Home Theater System 5.1 Channel M1510 White,Contoso,Home Theater System,TV and Video
284,11,Contoso Home Theater System 5.1 Channel M1510 Brown,Contoso,Home Theater System,TV and Video
258,11,Contoso Home Theater System 5.1 Channel M1510 Silver,Contoso,Home Theater System,TV and Video
208,11,Litware Home Theater System 4.1 Channel M410 Silver,Litware,Home Theater System,TV and Video
192,11,Litware Home Theater System 4.1 Channel M410 Black,Litware,Home Theater System,TV and Video
233,11,Litware Home Theater System 5.1 Channel M512 Brown,Litware,Home Theater System,TV and Video
201,11,Litware Home Theater System 5.1 Channel M512 Black,Litware,Home Theater System,TV and Video
217,11,Litware Home Theater System 5.1 Channel M512 Silver,Litware,Home Theater System,TV and Video
237,11,Litware Home Theater System 5.1 Channel M514 Brown,Litware,Home Theater System,TV and Video
221,11,Litware Home Theater System 5.1 Channel M514 Silver,Litware,Home Theater System,TV and Video
205,11,Litware Home Theater System 5.1 Channel M514 Black,Litware,Home Theater System,TV and Video
227,11,Litware Home Theater System 5.1 Channel M510 Brown,Litware,Home Theater System,TV and Video
195,11,Litware Home Theater System 5.1 Channel M510 Black,Litware,Home Theater System,TV and Video
211,11,Litware Home Theater System 5.1 Channel M510 Silver,Litware,Home Theater System,TV and Video
250,11,Contoso Home Theater System 5.1 Channel M1540 Black,Contoso,Home Theater System,TV and Video
263,11,Contoso Home Theater System 5.1 Channel M1540 Silver,Contoso,Home Theater System,TV and Video
253,11,Contoso Home Theater System 2.1 Channel E1200 Silver,Contoso,Home Theater System,TV and Video
196,11,Litware Home Theater System 2.1 Channel E211 Black,Litware,Home Theater System,TV and Video
266,11,Contoso Home Theater System 2.1 Channel E1200 White,Contoso,Home Theater System,TV and Video
249,11,Contoso Home Theater System 2.1 Channel E1220 Black,Contoso,Home Theater System,TV and Video
194,11,Litware Home Theater System 2.1 Channel E210 Black,Litware,Home Theater System,TV and Video
289,11,Contoso Home Theater System 5.1 Channel M1540 Brown,Contoso,Home Theater System,TV and Video
276,11,Contoso Home Theater System 5.1 Channel M1540 White,Contoso,Home Theater System,TV and Video
240,11,Contoso Home Theater System 2.1 Channel E1200 Black,Contoso,Home Theater System,TV and Video
229,11,Litware Home Theater System 2.1 Channel E212 Brown,Litware,Home Theater System,TV and Video
288,11,Contoso Home Theater System 2.1 Channel E1220 Brown,Contoso,Home Theater System,TV and Video
210,11,Litware Home Theater System 2.1 Channel E210 Silver,Litware,Home Theater System,TV and Video
275,11,Contoso Home Theater System 2.1 Channel E1220 White,Contoso,Home Theater System,TV and Video
262,11,Contoso Home Theater System 2.1 Channel E1220 Silver,Contoso,Home Theater System,TV and Video
212,11,Litware Home Theater System 2.1 Channel E211 Silver,Litware,Home Theater System,TV and Video
279,11,Contoso Home Theater System 2.1 Channel E1200 Brown,Contoso,Home Theater System,TV and Video
228,11,Litware Home Theater System 2.1 Channel E211 Brown,Litware,Home Theater System,TV and Video
213,11,Litware Home Theater System 2.1 Channel E212 Silver,Litware,Home Theater System,TV and Video
226,11,Litware Home Theater System 2.1 Channel E210 Brown,Litware,Home Theater System,TV and Video
197,11,Litware Home Theater System 2.1 Channel E212 Black,Litware,Home Theater System,TV and Video
265,11,Contoso Home Theater System 2.1 Channel M1230 Silver,Contoso,Home Theater System,TV and Video
291,11,Contoso Home Theater System 2.1 Channel M1230 Brown,Contoso,Home Theater System,TV and Video
216,11,Litware Home Theater System 4.1 Channel M413 Silver,Litware,Home Theater System,TV and Video
232,11,Litware Home Theater System 4.1 Channel M413 Brown,Litware,Home Theater System,TV and Video
278,11,Contoso Home Theater System 2.1 Channel M1230 White,Contoso,Home Theater System,TV and Video
231,11,Litware Home Theater System 4.1 Channel M412 Brown,Litware,Home Theater System,TV and Video
199,11,Litware Home Theater System 4.1 Channel M412 Black,Litware,Home Theater System,TV and Video
215,11,Litware Home Theater System 4.1 Channel M412 Silver,Litware,Home Theater System,TV and Video
200,11,Litware Home Theater System 4.1 Channel M413 Black,Litware,Home Theater System,TV and Video
252,11,Contoso Home Theater System 2.1 Channel M1230 Black,Contoso,Home Theater System,TV and Video
153,9,"Adventure Works 26"" 720p LCD HDTV M140 Silver",Adventure Works,Televisions,TV and Video
117,9,"Adventure Works 20"" CRT TV E15 Black",Adventure Works,Televisions,TV and Video
165,9,"Adventure Works 42"" LCD HDTV M55 Black",Adventure Works,Televisions,TV and Video
155,9,"Adventure Works 26"" 720p LCD HDTV M140 White",Adventure Works,Televisions,TV and Video
120,9,"Adventure Works 13"" Color TV E25 Black",Adventure Works,Televisions,TV and Video
128,9,"Adventure Works 19"" Color Digital TV E35 Brown",Adventure Works,Televisions,TV and Video
126,9,"Adventure Works 19"" Color Digital TV E35 Black",Adventure Works,Televisions,TV and Video
127,9,"Adventure Works 19"" Color Digital TV E35 White",Adventure Works,Televisions,TV and Video
121,9,"Adventure Works 13"" Color TV E25 White",Adventure Works,Televisions,TV and Video
124,9,"Adventure Works 19"" Portable LCD HDTV M110 White",Adventure Works,Televisions,TV and Video
125,9,"Adventure Works 19"" Color Digital TV E35 Silver",Adventure Works,Televisions,TV and Video
119,9,"Adventure Works 13"" Color TV E25 Silver",Adventure Works,Televisions,TV and Video
156,9,"Adventure Works 26"" 720p LCD HDTV M140 Brown",Adventure Works,Televisions,TV and Video
122,9,"Adventure Works 19"" Portable LCD HDTV M110 Silver",Adventure Works,Televisions,TV and Video
116,9,"Adventure Works 20"" CRT TV E15 Silver",Adventure Works,Televisions,TV and Video
123,9,"Adventure Works 19"" Portable LCD HDTV M110 Black",Adventure Works,Televisions,TV and Video
118,9,"Adventure Works 20"" CRT TV E15 White",Adventure Works,Televisions,TV and Video
154,9,"Adventure Works 26"" 720p LCD HDTV M140 Black",Adventure Works,Televisions,TV and Video
130,9,"Adventure Works 20"" Analog CRT TV E45 Black",Adventure Works,Televisions,TV and Video
131,9,"Adventure Works 20"" Analog CRT TV E45 White",Adventure Works,Televisions,TV and Video
134,9,"Adventure Works 20"" LCD HDTV M120 Black",Adventure Works,Televisions,TV and Video
136,9,"Adventure Works 20"" LCD HDTV M120 Brown",Adventure Works,Televisions,TV and Video
135,9,"Adventure Works 20"" LCD HDTV M120 White",Adventure Works,Televisions,TV and Video
133,9,"Adventure Works 20"" LCD HDTV M120 Silver",Adventure Works,Televisions,TV and Video
132,9,"Adventure Works 20"" Analog CRT TV E45 Brown",Adventure Works,Televisions,TV and Video
129,9,"Adventure Works 20"" Analog CRT TV E45 Silver",Adventure Works,Televisions,TV and Video
139,9,"Adventure Works 32"" LCD HDTV M130 White",Adventure Works,Televisions,TV and Video
150,9,"Adventure Works 40"" LCD HDTV M690 Black",Adventure Works,Televisions,TV and Video
151,9,"Adventure Works 40"" LCD HDTV M690 White",Adventure Works,Televisions,TV and Video
152,9,"Adventure Works 40"" LCD HDTV M690 Brown",Adventure Works,Televisions,TV and Video
138,9,"Adventure Works 32"" LCD HDTV M130 Black",Adventure Works,Televisions,TV and Video
140,9,"Adventure Works 32"" LCD HDTV M130 Brown",Adventure Works,Televisions,TV and Video
144,9,"Adventure Works 15.6"" LCD TV M130W Brown",Adventure Works,Televisions,TV and Video
143,9,"Adventure Works 15.6"" LCD TV M130W White",Adventure Works,Televisions,TV and Video
149,9,"Adventure Works 40"" LCD HDTV M690 Silver",Adventure Works,Televisions,TV and Video
141,9,"Adventure Works 15.6"" LCD TV M130W Silver",Adventure Works,Televisions,TV and Video
137,9,"Adventure Works 32"" LCD HDTV M130 Silver",Adventure Works,Televisions,TV and Video
142,9,"Adventure Works 15.6"" LCD TV M130W Black",Adventure Works,Televisions,TV and Video
164,9,"Adventure Works 52"" LCD HDTV X790W Brown",Adventure Works,Televisions,TV and Video
163,9,"Adventure Works 52"" LCD HDTV X790W White",Adventure Works,Televisions,TV and Video
162,9,"Adventure Works 52"" LCD HDTV X790W Black",Adventure Works,Televisions,TV and Video
161,9,"Adventure Works 52"" LCD HDTV X790W Silver",Adventure Works,Televisions,TV and Video
160,9,"Adventure Works 37"" 1080p LCD HDTV M150W Brown",Adventure Works,Televisions,TV and Video
157,9,"Adventure Works 37"" 1080p LCD HDTV M150W Silver",Adventure Works,Televisions,TV and Video
159,9,"Adventure Works 37"" 1080p LCD HDTV M150W White",Adventure Works,Televisions,TV and Video
158,9,"Adventure Works 37"" 1080p LCD HDTV M150W Black",Adventure Works,Televisions,TV and Video
293,13,SV Car Video LCD7W M7081 Black,Southridge Video,Car Video,TV and Video
332,13,SV Car Video AM/FM E1001 Brown,Southridge Video,Car Video,TV and Video
298,13,SV Car Video TFT7 M7001 Black,Southridge Video,Car Video,TV and Video
311,13,SV Car Video TFT6.2W E6280 Silver,Southridge Video,Car Video,TV and Video
327,13,SV Car Video TFT6.2W E6280 Brown,Southridge Video,Car Video,TV and Video
300,13,SV Car Video AM/FM E1001 Black,Southridge Video,Car Video,TV and Video
176,10,SV 16xDVD M360 Black,Southridge Video,VCD & DVD,TV and Video
167,10,SV 8xDVD E100 Black,Southridge Video,VCD & DVD,TV and Video
191,10,SV 8xDVD E140 Silver,Southridge Video,VCD & DVD,TV and Video
296,13,SV Car Video TFT6.2W E6281 Black,Southridge Video,Car Video,TV and Video
326,13,SV Car Video TFT7 M7000 Brown,Southridge Video,Car Video,TV and Video
324,13,SV Car Video LCD7W M7080 Brown,Southridge Video,Car Video,TV and Video
292,13,SV Car Video LCD7W M7080 Black,Southridge Video,Car Video,TV and Video
183,10,SV 16xDVD M330 Silver,Southridge Video,VCD & DVD,TV and Video
301,13,SV Car Video TFT7 M7002 Black,Southridge Video,Car Video,TV and Video
313,13,SV Car Video TFT6.2W E6282 Silver,Southridge Video,Car Video,TV and Video
182,10,SV 16xDVD M320 Silver,Southridge Video,VCD & DVD,TV and Video
170,10,SV 16xDVD M330 Black,Southridge Video,VCD & DVD,TV and Video
329,13,SV Car Video TFT6.2W E6282 Brown,Southridge Video,Car Video,TV and Video
330,13,SV Car Video TFT7 M7001 Brown,Southridge Video,Car Video,TV and Video
189,10,SV 16xDVD M360 Silver,Southridge Video,VCD & DVD,TV and Video
309,13,SV Car Video LCD7W M7081 Silver,Southridge Video,Car Video,TV and Video
169,10,SV 16xDVD M320 Black,Southridge Video,VCD & DVD,TV and Video
295,13,SV Car Video TFT6.2W E6280 Black,Southridge Video,Car Video,TV and Video
316,13,SV Car Video AM/FM E1001 Silver,Southridge Video,Car Video,TV and Video
333,13,SV Car Video TFT7 M7002 Brown,Southridge Video,Car Video,TV and Video
180,10,SV 8xDVD E100 Silver,Southridge Video,VCD & DVD,TV and Video
328,13,SV Car Video TFT6.2W E6281 Brown,Southridge Video,Car Video,TV and Video
177,10,SV 8xDVD E130 Black,Southridge Video,VCD & DVD,TV and Video
178,10,SV 8xDVD E140 Black,Southridge Video,VCD & DVD,TV and Video
325,13,SV Car Video LCD7W M7081 Brown,Southridge Video,Car Video,TV and Video
308,13,SV Car Video LCD7W M7080 Silver,Southridge Video,Car Video,TV and Video
190,10,SV 8xDVD E130 Silver,Southridge Video,VCD & DVD,TV and Video
297,13,SV Car Video TFT6.2W E6282 Black,Southridge Video,Car Video,TV and Video
294,13,SV Car Video TFT7 M7000 Black,Southridge Video,Car Video,TV and Video
314,13,SV Car Video TFT7 M7001 Silver,Southridge Video,Car Video,TV and Video
317,13,SV Car Video TFT7 M7002 Silver,Southridge Video,Car Video,TV and Video
312,13,SV Car Video TFT6.2W E6281 Silver,Southridge Video,Car Video,TV and Video
323,13,SV Car Video LCD7 M7003 Silver,Southridge Video,Car Video,TV and Video
310,13,SV Car Video TFT7 M7000 Silver,Southridge Video,Car Video,TV and Video
331,13,SV Car Video AM/FM E1000 Brown,Southridge Video,Car Video,TV and Video
315,13,SV Car Video AM/FM E1000 Silver,Southridge Video,Car Video,TV and Video
299,13,SV Car Video AM/FM E1000 Black,Southridge Video,Car Video,TV and Video
307,13,SV Car Video LCD7 M7003 Black,Southridge Video,Car Video,TV and Video
336,13,SV Car Video LCD7W M7082 Brown,Southridge Video,Car Video,TV and Video
306,13,SV Car Video LCD7 M7002 Black,Southridge Video,Car Video,TV and Video
337,13,SV Car Video LCD7 M7001 Brown,Southridge Video,Car Video,TV and Video
304,13,SV Car Video LCD7W M7082 Black,Southridge Video,Car Video,TV and Video
305,13,SV Car Video LCD7 M7001 Black,Southridge Video,Car Video,TV and Video
320,13,SV Car Video LCD7W M7082 Silver,Southridge Video,Car Video,TV and Video
321,13,SV Car Video LCD7 M7001 Silver,Southridge Video,Car Video,TV and Video
322,13,SV Car Video LCD7 M7002 Silver,Southridge Video,Car Video,TV and Video
173,10,SV 8xDVD E120 Black,Southridge Video,VCD & DVD,TV and Video
186,10,SV 8xDVD E120 Silver,Southridge Video,VCD & DVD,TV and Video
168,10,SV 16xDVD M310 Black,Southridge Video,VCD & DVD,TV and Video
181,10,SV 16xDVD M310 Silver,Southridge Video,VCD & DVD,TV and Video
171,10,SV 16xDVD E340 Black,Southridge Video,VCD & DVD,TV and Video
184,10,SV 16xDVD E340 Silver,Southridge Video,VCD & DVD,TV and Video
319,13,SV Car Video LCD9.2W X9281 Silver,Southridge Video,Car Video,TV and Video
335,13,SV Car Video LCD9.2W X9281 Brown,Southridge Video,Car Video,TV and Video
303,13,SV Car Video LCD9.2W X9281 Black,Southridge Video,Car Video,TV and Video
187,10,SV 22xDVD M600 Silver,Southridge Video,VCD & DVD,TV and Video
174,10,SV 22xDVD M600 Black,Southridge Video,VCD & DVD,TV and Video
185,10,SV 22xDVD X680 Silver,Southridge Video,VCD & DVD,TV and Video
172,10,SV 22xDVD X680 Black,Southridge Video,VCD & DVD,TV and Video
8,1,Contoso 4G MP3 Player E400 Silver,Contoso,MP4&MP3,Audio
47,4,WWI 1GBPulse Smart pen E50 Black,Wide World Importers,Recording Pen,Audio
48,4,WWI 1GB Pulse Smart pen E50 Silver,Wide World Importers,Recording Pen,Audio
66,6,NT Bluetooth Stereo Headphones E52 Blue,Northwind Traders,Bluetooth Headphones,Audio
69,6,NT Bluetooth Stereo Headphones E52 Pink,Northwind Traders,Bluetooth Headphones,Audio
68,6,NT Bluetooth Stereo Headphones E52 Yellow,Northwind Traders,Bluetooth Headphones,Audio
67,6,NT Bluetooth Stereo Headphones E52 Black,Northwind Traders,Bluetooth Headphones,Audio
46,4,WWI 1GB Pulse Smart pen E50 White,Wide World Importers,Recording Pen,Audio
38,1,Contoso 8GB Clock & Radio MP3 Player X850 Black,Contoso,MP4&MP3,Audio
39,1,Contoso 8GB Clock & Radio MP3 Player X850 Green,Contoso,MP4&MP3,Audio
40,1,Contoso 8GB Clock & Radio MP3 Player X850 Blue,Contoso,MP4&MP3,Audio
70,6,NT Wireless Bluetooth Stereo Headphones E102 Silver,Northwind Traders,Bluetooth Headphones,Audio
73,6,NT Wireless Bluetooth Stereo Headphones E102 White,Northwind Traders,Bluetooth Headphones,Audio
71,6,NT Wireless Bluetooth Stereo Headphones E102 Black,Northwind Traders,Bluetooth Headphones,Audio
72,6,NT Wireless Bluetooth Stereo Headphones E102 Blue,Northwind Traders,Bluetooth Headphones,Audio
50,4,WWI 2GB Pulse Smart pen M100 Black,Wide World Importers,Recording Pen,Audio
94,6,WWI Stereo Bluetooth Headphones E1000 Black,Wide World Importers,Bluetooth Headphones,Audio
51,4,WWI 2GB Pulse Smart pen M100 Blue,Wide World Importers,Recording Pen,Audio
96,6,WWI Stereo Bluetooth Headphones E1000 White,Wide World Importers,Bluetooth Headphones,Audio
95,6,WWI Stereo Bluetooth Headphones E1000 Silver,Wide World Importers,Bluetooth Headphones,Audio
49,4,WWI 2GB Pulse Smart pen M100 White,Wide World Importers,Recording Pen,Audio
97,6,WWI Stereo Bluetooth Headphones E1000 Green,Wide World Importers,Bluetooth Headphones,Audio
93,6,WWI Stereo Bluetooth Headphones E1000 Blue,Wide World Importers,Bluetooth Headphones,Audio
52,4,WWI 2GB Pulse Smart pen M100 Silver,Wide World Importers,Recording Pen,Audio
75,6,NT Bluetooth Active Headphones E202 White,Northwind Traders,Bluetooth Headphones,Audio
77,6,NT Bluetooth Active Headphones E202 Silver,Northwind Traders,Bluetooth Headphones,Audio
3,1,Contoso 1G MP3 Player E100 White,Contoso,MP4&MP3,Audio
1,1,Contoso 512MB MP3 Player E51 Silver,Contoso,MP4&MP3,Audio
76,6,NT Bluetooth Active Headphones E202 Red,Northwind Traders,Bluetooth Headphones,Audio
11,1,Contoso 4G MP3 Player E400 Orange,Contoso,MP4&MP3,Audio
5,1,Contoso 2G MP3 Player E200 Red,Contoso,MP4&MP3,Audio
10,1,Contoso 4G MP3 Player E400 Green,Contoso,MP4&MP3,Audio
2,1,Contoso 512MB MP3 Player E51 Blue,Contoso,MP4&MP3,Audio
9,1,Contoso 4G MP3 Player E400 Black,Contoso,MP4&MP3,Audio
7,1,Contoso 2G MP3 Player E200 Blue,Contoso,MP4&MP3,Audio
6,1,Contoso 2G MP3 Player E200 Black,Contoso,MP4&MP3,Audio
4,1,Contoso 2G MP3 Player E200 Silver,Contoso,MP4&MP3,Audio
13,1,Contoso 4GB Flash MP3 Player E401 Black,Contoso,MP4&MP3,Audio
37,1,Contoso 8GB Clock & Radio MP3 Player X850 Silver,Contoso,MP4&MP3,Audio
12,1,Contoso 4GB Flash MP3 Player E401 Blue,Contoso,MP4&MP3,Audio
15,1,Contoso 4GB Flash MP3 Player E401 White,Contoso,MP4&MP3,Audio
79,6,NT Wireless Bluetooth Stereo Headphones E302 White,Northwind Traders,Bluetooth Headphones,Audio
78,6,NT Wireless Bluetooth Stereo Headphones E302 Silver,Northwind Traders,Bluetooth Headphones,Audio
81,6,NT Wireless Bluetooth Stereo Headphones E302 Black,Northwind Traders,Bluetooth Headphones,Audio
82,6,NT Wireless Bluetooth Stereo Headphones E302 Pink,Northwind Traders,Bluetooth Headphones,Audio
80,6,NT Wireless Bluetooth Stereo Headphones E302 Yellow,Northwind Traders,Bluetooth Headphones,Audio
14,1,Contoso 4GB Flash MP3 Player E401 Silver,Contoso,MP4&MP3,Audio
58,4,WWI 1GB Digital Voice Recorder Pen E100 Red,Wide World Importers,Recording Pen,Audio
57,4,WWI 1GB Digital Voice Recorder Pen E100 Black,Wide World Importers,Recording Pen,Audio
60,4,WWI 1GB Digital Voice Recorder Pen E100 White,Wide World Importers,Recording Pen,Audio
59,4,WWI 1GB Digital Voice Recorder Pen E100 Pink,Wide World Importers,Recording Pen,Audio
74,6,NT Bluetooth Active Headphones E202 Black,Northwind Traders,Bluetooth Headphones,Audio
56,4,WWI 4GB Video Recording Pen X200 Yellow,Wide World Importers,Recording Pen,Audio
87,6,NT Wireless Bluetooth Stereo Headphones M402 Purple,Northwind Traders,Bluetooth Headphones,Audio
83,6,NT Wireless Bluetooth Stereo Headphones M402 Silver,Northwind Traders,Bluetooth Headphones,Audio
84,6,NT Wireless Bluetooth Stereo Headphones M402 Red,Northwind Traders,Bluetooth Headphones,Audio
85,6,NT Wireless Bluetooth Stereo Headphones M402 Green,Northwind Traders,Bluetooth Headphones,Audio
55,4,WWI 4GB Video Recording Pen X200 Pink,Wide World Importers,Recording Pen,Audio
53,4,WWI 4GB Video Recording Pen X200 Black,Wide World Importers,Recording Pen,Audio
54,4,WWI 4GB Video Recording Pen X200 Red,Wide World Importers,Recording Pen,Audio
23,1,Contoso 8GB MP3 Player new model M820 White,Contoso,MP4&MP3,Audio
21,1,Contoso 8GB MP3 Player new model M820 Blue,Contoso,MP4&MP3,Audio
33,1,Contoso 32GB Video MP3 Player M3200 Black,Contoso,MP4&MP3,Audio
30,1,Contoso 32GB Video MP3 Player M3200 Red,Contoso,MP4&MP3,Audio
112,6,WWI Wireless Transmitter and Bluetooth Headphones X250 Blue,Wide World Importers,Bluetooth Headphones,Audio
32,1,Contoso 32GB Video MP3 Player M3200 Pink,Contoso,MP4&MP3,Audio
20,1,Contoso 8GB MP3 Player new model M820 Black,Contoso,MP4&MP3,Audio
86,6,NT Wireless Bluetooth Stereo Headphones M402 Black,Northwind Traders,Bluetooth Headphones,Audio
18,1,Contoso 8GB Super-Slim MP3/Video Player M800 Green,Contoso,MP4&MP3,Audio
22,1,Contoso 8GB MP3 Player new model M820 Yellow,Contoso,MP4&MP3,Audio
111,6,WWI Wireless Transmitter and Bluetooth Headphones X250 Black,Wide World Importers,Bluetooth Headphones,Audio
114,6,WWI Wireless Transmitter and Bluetooth Headphones X250 Red,Wide World Importers,Bluetooth Headphones,Audio
35,1,Contoso 4GB Portable MP3 Player M450 White,Contoso,MP4&MP3,Audio
31,1,Contoso 32GB Video MP3 Player M3200 Orange,Contoso,MP4&MP3,Audio
29,1,Contoso 32GB Video MP3 Player M3200 White,Contoso,MP4&MP3,Audio
36,1,Contoso 4GB Portable MP3 Player M450 Yellow,Contoso,MP4&MP3,Audio
19,1,Contoso 8GB Super-Slim MP3/Video Player M800 Pink,Contoso,MP4&MP3,Audio
16,1,Contoso 8GB Super-Slim MP3/Video Player M800 White,Contoso,MP4&MP3,Audio
34,1,Contoso 4GB Portable MP3 Player M450 Black,Contoso,MP4&MP3,Audio
115,6,WWI Wireless Transmitter and Bluetooth Headphones X250 Silver,Wide World Importers,Bluetooth Headphones,Audio
17,1,Contoso 8GB Super-Slim MP3/Video Player M800 Red,Contoso,MP4&MP3,Audio
102,6,WWI Wireless Bluetooth Stereo Headphones M270 Silver,Wide World Importers,Bluetooth Headphones,Audio
105,6,WWI Wireless Bluetooth Stereo Headphones M270 Pink,Wide World Importers,Bluetooth Headphones,Audio
113,6,WWI Wireless Transmitter and Bluetooth Headphones X250 White,Wide World Importers,Bluetooth Headphones,Audio
103,6,WWI Wireless Bluetooth Stereo Headphones M270 Black,Wide World Importers,Bluetooth Headphones,Audio
92,6,NT Wireless Transmitter and Bluetooth Headphones M150 Red,Northwind Traders,Bluetooth Headphones,Audio
89,6,NT Wireless Transmitter and Bluetooth Headphones M150 Blue,Northwind Traders,Bluetooth Headphones,Audio
90,6,NT Wireless Transmitter and Bluetooth Headphones M150 Silver,Northwind Traders,Bluetooth Headphones,Audio
104,6,WWI Wireless Bluetooth Stereo Headphones M270 White,Wide World Importers,Bluetooth Headphones,Audio
88,6,NT Wireless Transmitter and Bluetooth Headphones M150 Black,Northwind Traders,Bluetooth Headphones,Audio
91,6,NT Wireless Transmitter and Bluetooth Headphones M150 Green,Northwind Traders,Bluetooth Headphones,Audio
98,6,WWI Wireless Bluetooth Stereo Headphones M170 Silver,Wide World Importers,Bluetooth Headphones,Audio
101,6,WWI Wireless Bluetooth Stereo Headphones M170 Pink,Wide World Importers,Bluetooth Headphones,Audio
99,6,WWI Wireless Bluetooth Stereo Headphones M170 Black,Wide World Importers,Bluetooth Headphones,Audio
62,4,WWI 2GB Spy Video Recorder Pen M300 White,Wide World Importers,Recording Pen,Audio
100,6,WWI Wireless Bluetooth Stereo Headphones M170 White,Wide World Importers,Bluetooth Headphones,Audio
65,4,WWI 2GB Spy Video Recorder Pen M300 Purple,Wide World Importers,Recording Pen,Audio
63,4,WWI 2GB Spy Video Recorder Pen M300 Blue,Wide World Importers,Recording Pen,Audio
64,4,WWI 2GB Spy Video Recorder Pen M300 Silver,Wide World Importers,Recording Pen,Audio
61,4,WWI 2GB Spy Video Recorder Pen M300 Black,Wide World Importers,Recording Pen,Audio
24,1,Contoso 16GB Mp5 Player M1600 Blue,Contoso,MP4&MP3,Audio
27,1,Contoso 16GB Mp5 Player M1600 White,Contoso,MP4&MP3,Audio